{
    "episode_reward_history": [
        10.0,
        10.0,
        0.0,
        10.0,
        10.0,
        10.0,
        10.0,
        10.0,
        0.0,
        10.0,
        0.0,
        0.0,
        0.0,
        10.0,
        10.0,
        0.0,
        10.0,
        0.0,
        10.0,
        0.0,
        0.0,
        10.0,
        10.0,
        0.0,
        10.0,
        0.0,
        10.0,
        0.0,
        10.0,
        0.0,
        10.0,
        10.0,
        0.0,
        0.0,
        0.0,
        0.0,
        10.0,
        10.0,
        10.0,
        0.0,
        10.0,
        10.0,
        0.0,
        10.0,
        10.0,
        0.0,
        10.0,
        10.0,
        10.0,
        0.0
    ],
    "epsilon_history": [
        1.0,
        1.0,
        1.0,
        1.0,
        1.0,
        1.0,
        1.0,
        1.0,
        1.0,
        1.0,
        1.0,
        1.0,
        1.0,
        1.0,
        1.0,
        1.0,
        1.0,
        1.0,
        1.0,
        1.0,
        1.0,
        1.0,
        1.0,
        1.0,
        1.0,
        1.0,
        1.0,
        1.0,
        1.0,
        1.0,
        1.0,
        1.0,
        1.0,
        1.0,
        1.0,
        1.0,
        1.0,
        1.0,
        1.0,
        1.0,
        1.0,
        1.0,
        1.0,
        1.0,
        1.0,
        1.0,
        1.0,
        1.0,
        1.0,
        1.0
    ],
    "ave_q_episode_history": [
        0.9138350069353526,
        0.9999948740005493,
        0.9995981125831604,
        1.0,
        0.9999971568584443,
        1.0,
        0.9999070644378663,
        0.9999990536184872,
        0.9999988975524903,
        1.0,
        0.999987630367279,
        0.9999952771663666,
        0.9999903893470764,
        1.0,
        0.9998990340470189,
        0.9999941730499268,
        0.9999970613103925,
        0.9999936378002167,
        0.9998103976249695,
        0.9998505163192749,
        0.9999966936111451,
        0.9999955095867119,
        0.9998521201434682,
        0.9994364857673645,
        0.9999969601631165,
        0.9999923014640808,
        0.9998829022893366,
        0.9992994847297668,
        0.9999990861536721,
        0.9999958162307739,
        0.9998942136764526,
        0.9999969005584717,
        0.9999957008361816,
        0.9999907281398773,
        0.9996153527498245,
        0.9998238157033921,
        1.0,
        1.0,
        0.9999971049172538,
        0.9992357934713364,
        1.0,
        0.999601450951203,
        0.9993501938581467,
        0.999298300383226,
        0.9999989356837968,
        0.9998203194141388,
        0.9999958872795105,
        1.0,
        0.9998553760438097,
        0.9999971189498902
    ],
    "loss_history": [
        0.1559923142194748,
        NaN,
        0.23841489851474762,
        0.24751417338848114,
        0.40242472290992737,
        0.3522375226020813,
        0.3522375226020813,
        0.4074169993400574,
        0.39430731534957886,
        0.6491109132766724,
        0.39293229579925537,
        0.3801997900009155,
        0.3834647834300995,
        0.3689665198326111,
        0.38071951270103455,
        0.40400975942611694,
        0.37520626187324524,
        0.37948232889175415,
        NaN,
        0.37909987568855286,
        0.37887734174728394,
        0.37739822268486023,
        0.3912998139858246,
        0.37846237421035767,
        0.4084869921207428,
        0.37898239493370056,
        0.38184088468551636,
        0.37362241744995117,
        0.3841904401779175,
        0.3852749466896057,
        0.338839054107666,
        0.40558549761772156,
        0.36994242668151855,
        0.38310733437538147,
        0.38511988520622253,
        0.3849247992038727,
        NaN,
        0.3701436519622803,
        0.3522375226020813,
        0.3785199224948883,
        0.3856748044490814,
        0.38004979491233826,
        0.37601232528686523,
        0.3852216601371765,
        0.38353341817855835,
        0.39106976985931396,
        0.32176798582077026,
        0.40657326579093933,
        0.3837055563926697,
        0.39182984828948975
    ]
}